Exxyy,MPE,Bond_mean,R_atom,R_vdw,R_cov,D_EN,m_atom,N_mendeleev,I,DP,Density,EA
48,0.325932653,5.686294746,117.5,253.5,125,1.78,115.1069032,138.5,21.9035,30.74,12,4.1830897
69,0.312685629,2.65979293,287.5,371,266,1.16,198.207,57,9.515,293.5,6,0.66762
38.5,0.277392404,2.420361304,145,188,123.5,0.78,118.22,92.5,8.234,34.7,6,1.227052015
59,0.330248081,4.422440186,205,304.5,195.5,0.46,177.43947,139,14.13,68.9,11,3.5840368
108,0.282835727,4.979305299,207.5,314,200,0,176.553605,130,12.5685,77.5,11,2.245876
199,0.289531875,3.616749709,285,475,286,1.06,173.8505,260,27.6955,60.65,7,7.42193695
220,0.299745188,3.634672394,160,276.5,155.5,2.49,59.809,103,16.457,103.9,2,1.4851135
241,0.270360884,3.803613419,272.5,461,271,1.66,161.37394,238.5,29.6945,66.2,11,7.38645
125,0.518895113,2.383104532,325,506.5,320,1.01,150.7715,165.5,19.994,178.9,11,2.13917
71.5,0.379480047,2.736932343,192.5,296.5,190,1.66,169.149,130.5,15.2225,72.5,9,3.3705882
64.5,0.403788981,3.373844978,125,202,120,0.15,137.9687845,87,9.4885,32.45,12,2.16465
57,0.545852023,2.639692154,167.5,201,142,0.25,163.07,90.5,7.358,46.5,9,0.7115
46,0.234704392,0,192.5,294,182,1.27,136.111,147,16.3065,44,7,6.7271764
120,0.326520542,3.41237922,280,401,273,0.44,196.1307693,185,15.9045,93.4,11,1.785415
77,0.429872396,3.970665399,417.5,685.5,413,0.42,208.045,278,31.358,169.3,19,5.27620806
84.5,0.256593546,2.455747909,180,291,177.5,0.5,127.7655,139.5,14.238,48.65,7,1.6770595
29.5,0.301998575,1.75694001,137.5,312.5,159,2.37,41.98837399,200,29.1225,34.51,3,5.31819955
23,0.344665742,2.778633829,102.5,223.5,115,2.41,23.50449471,143.5,22.081,22.61,2,2.2011897
695,0.141386082,3.09729874,122.5,186,122.5,0.37,72.3222975,89,7.894,40,5,0.617
111,0.403471606,3.109491453,210,303.5,201,1.12,150.83797,130.5,13.864,82.9,7,3.0985368
201.5,0.562297117,3.211959484,257.5,313.5,220,0.5,296.445,113.5,10.8285,98.5,18,0.36374316
17.5,0.33455017,3.247312839,100,188.5,99.5,0.92,45.357,94.5,10.054,20.75,2,1.8216556
392.5,0.542637045,3.097503,135,276.5,137.5,0.35,62.546,117,14.94,47.3,8,1.787119
83,0.433792684,3.106553564,127.5,199,125.5,1.86,106.97,76,9.8925,58.8,7,1.8133625
91,0.481565786,2.841841842,167.5,286.5,172.5,0.01,128.515762,128.5,14.959,49,12,1.810607
59.5,0.269922228,2.832702647,215,373.5,213.5,0.92,125.261,202.5,21.864,41.75,5,5.1852438
33,0.383405717,2.852072047,127.5,258.5,140,2.68,108.2434032,128.5,20.8325,55.24,7,3.4081897
25,0.362916874,2.824037119,137.5,260,149,0,105.5209032,125.5,20.547,73.24,4,3.3911897
79,0.286495458,2.843419692,132.5,195,131,0.49,77.29076925,92,7.497,47.9,4,1.201853
76,0.267904194,3.752652156,145,188,123.5,0.78,118.22,92.5,8.234,34.7,6,1.227052015
86,0.554707329,3.701940651,212.5,304.5,195,0.14,151.1067,129.5,12.4275,67.5,11,1.624
100,0.290575769,2.546215961,130,193,113.5,1.23,71.6591,89.5,10.268,34.8,6,2.4573625
63,0.346853905,2.891935898,187.5,294,187.5,1.36,126.357185,132,15.189,70,7,3.8222912
18,0.37017511,2.808433236,177.5,290.5,174.5,0.95,116.219,152.5,15.7595,41,5,3.9799442
49.5,0.281601848,2.90920683,150,208.5,132,0.17,117.7341,87,8.2925,46.5,8,1.636438
115,0.341138671,3.972159304,170,285,163,0.38,85.27,134,14.528,32.47,8,2.35810403
67,0.393424067,1.756180087,137.5,210,130,0.3,162.2832845,87.5,9.117,37,12,2.139753
64,0.344624889,1.676345334,167.5,281.5,160.5,0.96,132.992,141.5,17.439,38.6,12,4.676725
66.5,0.349569941,4.90288228,320,555.5,325.5,1.04,104.0835,271.5,29.314,98.5,7,5.232260075
334.5,0.671939842,3.967695535,255,302.5,206.5,0.4,254.915,115,9.788,86,18,0.902
76.5,0.316477108,2.539992686,87.5,182.5,93.5,1.14,21.046,90.5,11.3405,22.35,1,-0.00523945
24,0.290189036,3.724852453,240,379.5,233,1.96,131.8,174,22.5145,100.9,6,10.838175
79.5,0.275360341,2.325628636,277.5,402,262,0.38,241.809455,195.5,19.404,82.35,13,5.1570552
56,0.348329948,3.395256728,135,196.5,130,0.29,98.6615,92.5,7.504,44,6,1.200438
150,0.346840702,2.561217638,250,316,220,0.44,148.555908,56.5,10.269,120.5,8,0.36637158
81,0.509745852,3.151060541,265,403,260,1.38,193.6365,163,17.4495,139.35,10,6.06201
69,0.354004293,3.328532756,120,252,124,1.78,72.20840316,140,21.588,16.81,7,3.6821897
99,0.332779601,2.917339074,230,307,208,0.3,231.2,147.5,12.717,61.5,11,2.14924758
50,0.395627274,3.025288291,235,435.5,244,2.62,73.45351274,170,32.691,102.61,4,5.28978455
99,0.093665469,4.289219316,75,160.5,76.5,0.19,36.819,97,10.7445,22.253555,2,0.9934535
48,0.273259361,3.315975258,147.5,329,165,1.82,76.47260474,185,29.676,49.11,6,5.47578455
91,0.320567546,4.697063223,115,196.5,114,0.38,66.565,80,8.86,45.7,7,1.563552015
-13,0.379525639,3.533984727,142.5,212,141.5,0.5,110.253185,75,7.8835,68,7,1.444141
35.5,0.250979849,3.256292705,370,516,355,0.2,400.3804,250,20.7985,105,19,3.898676
122.5,0.387854518,4.187432765,187.5,298.5,185,0.39,126.946,127,13.298,72.4,9,2.39467
107,0.447548046,2.990692283,255,288.5,213.5,0.49,219.3525,129,11.239,82.6,12,0.71348632
91,0.276450545,3.898560429,147.5,199.5,139,0.32,121.209,93,7.3975,51.5,6,1.135438
34.5,0.412656882,4.649562226,260,398,256,1.26,238.870455,172,20.812,96,14,10.0907646
17.5,0.25359131,4.713970437,120,252,124,1.78,72.20840316,140,21.588,16.81,7,3.6821897
41,0.389675117,4.084070347,157.5,222.5,147.5,1.4,118.5222845,40,7.669,98.4,10,1.16659
63,0.443620706,4.676236243,250,450,265.5,0.39,79.063762,244,26.02,54.1,4,3.862263045
165,0.324885586,3.014089752,185,292.5,175.5,1,106.440022,128.5,13.469,62.9,8,4.04134
32.5,0.234083561,2.745068217,205,355,206.5,0.08,126.8595,208.5,24.98,35.2,5,4.3453823
143,0.594238404,3.058295256,267.5,355.5,246,1.25,183.7285,40.5,10.1775,224.2,13,0.8299
58,0.320449917,2.923218842,310,489,315,0.09,222.373762,247,23.9935,82,11,3.702921
36,0.345120564,3.025973797,192.5,296.5,191,1.63,125.516,130,15.1265,77,6,3.5765882
67,0.287999966,3.10597575,145,323.5,157,2.32,54.49565474,184.5,29.513,47.11,5,5.43478455
64,0.426780301,4.345184816,295,476,294.5,0.53,169.85,246,24.148,72.1,9,4.161656045
50,0.33433757,3.056148112,182.5,293,179.5,1.06,173.0075,136.5,15.7265,52,13,3.4385882
46.5,0.408211695,4.025527101,167.5,278.5,166,0.28,60.320462,127.5,14.2995,49.5,6,1.324607
36.5,0.41069249,3.311942291,252.5,385,245,1.6,142.333954,167.5,20.9955,80,6,5.1393823
103,0.379585859,5.400425728,182.5,299,184.5,0.85,170.891,127.5,13.684,62.9,14,2.4288
148,0.346205532,4.142258559,207.5,362.5,219,0.37,118.3878925,186,20.3135,50.65,9,1.8370595
75,0.379158241,3.303079157,120,195,111.5,0.38,69.24,84,9.348,22.77,7,1.319552015
87.5,0.423219902,5.368196785,242.5,390.5,242,1.01,142.39,173,18.042,93.35,9,3.070505
66,0.516929683,3.32533764,180,282.5,173,1.8,57.927954,112.5,16.2405,63.1,3,3.706725
67.5,0.381201561,5.406540852,355,515,344,0.05,313.16,249,22.1215,100,16,4.002314
115,0.395317915,2.864976407,127.5,200,118,0.35,92.6955,84.5,9.044,27.52,8,1.291335
43,0.349099759,3.753956613,165,281.5,161.5,0.96,85.985,137,16.64,50.6,7,4.137725
30,0.362137065,2.947390307,182.5,290,176.5,0.68,131.35675,140,15.539,54,9,3.9320882
25,0.280572049,0,270,399,261,1.86,189.308735,168.5,20.503,139,7,5.2803823
134,0.440378687,2.023194505,285,477,288.5,0.95,99.0315,197,22.286,116.1,9,3.640656045
124.5,0.306579092,0,240,388.5,241,0.92,143.92725,175,18.001,86.85,10,3.293505
55,0.351908073,1.997570509,317.5,491,314,0.5,240.2165,247.5,23.236,86.35,13,4.077005
44,0.333805506,2.566672233,207.5,306,197,0.56,175.858075,137,14.0095,72.4,10,3.3340368
274,0.66226757,3.317895516,255,304,208.5,0.4,299.495,115.5,10.327,78.5,23,0.927
15.5,0.263403524,3.68354948,182.5,291.5,175.5,0.76,177.446,142.5,16.289,45,13,4.4275882
135,0.344683587,3.865689048,237.5,338.5,228.5,0,195.24035,73.5,9.8125,190,10,1.781356
55,0.337730961,3.225151725,140,262.5,149.5,2.98,39.03740316,109.5,20.4765,84.14,1,3.4134647
70,0.409940654,2.572406285,187.5,301,189,1.05,169.44494,125.5,13.5265,65.9,13,2.18167
34,0.240040152,4.506559754,205,300.5,199.5,1.96,99.943,111.5,14.8665,101.4,3,3.3758632
8,0.238487975,3.783216464,105,179,96,2.05,63.43330158,89,12.498,29.37,5,2.35159485
42.5,0.166829608,3.425368529,235,434,234.5,1.39,145.7585,244.5,29.023,50.95,8,3.23767025
54.5,0.37053321,2.746847629,105,195,109.5,0.68,30.0725,94,9.2555,28.35,2,1.733312565
87,0.433247244,2.896433608,122.5,198.5,121.5,0.62,75.385,95,8.8515,36.2,4,1.594585515
59,0.381487836,2.890345955,140,208,128,0.1,117.01,85,8.6725,32.07,9,1.266438
87,0.34915706,3.664807043,117.5,198,117,0.68,109.1335,78.5,9.0965,40.7,11,1.113552015
145.5,0.145326805,2.745016413,265,565,278.5,1.26,114.919095,342.5,43.814,43.25,8,4.45678375
70,0.413539448,4.053679664,122.5,203,122.5,0.35,134.6005,81,9.095,42.95,13,1.560335
46,0.3339363,2.433019037,105,179,96,2.05,63.43330158,89,12.498,29.37,5,2.35159485
51,0.404619453,2.935192619,167.5,340,183,2.84,100.6186047,168.5,28.8925,109.61,5,6.05978455
315,0.327692952,3.388343469,220,415,218.5,1.63,93.7215,231.5,26.414,57.95,7,2.62167025
64,0.309456572,4.088463209,200,311,198,0.15,135.8025,140,12.6835,61.65,7,1.74076055
69.5,0.377363822,4.087906115,177.5,286.5,175,1.86,124.695,129.5,16.3725,66.1,8,3.619725
29,0.277559565,2.980211041,417.5,662,414,0.74,267.1505,335.5,30.379,122.25,17,5.481675
53,0.312173914,3.08564414,85,181,89.5,1.54,22.042,93.5,10.8805,21.3,1,1.4253173
85,0.363204388,3.603772236,155,285,161,0.68,46.1025,144,14.4355,38.05,3,2.77186458
67.5,0.378950637,3.431778945,172.5,289,176.5,0.98,78.513185,124,13.739,68.4,6,2.53580703
14,0.306312351,3.526122817,205,355,206.5,0.08,126.8595,208.5,24.98,35.2,5,4.3453823
64,0.349516708,3.343359826,327.5,561.5,333.5,1.28,169.395,272.5,29.3125,100,11,5.199760075
59.5,0.322452876,2.915058582,105,195,109.5,0.68,30.0725,94,9.2555,28.35,2,1.733312565
143,0.411142719,3.474802684,185,295,176,0.35,132.181,135,13.92,41.97,10,2.30167
36,0.27989977,3.133450025,165,336.5,177.5,2.76,72.95052474,165,29.2385,86.61,3,5.25528455
139,0.314706874,3.815904228,182.5,288.5,171,0.64,108.3177,134.5,13.5715,53.4,9,2.59867
183,0.343813724,4.020506842,242.5,337.5,223.5,0.79,125.22084,56.5,10.1665,182,7,0.923356
29,0.299256262,4.382808738,247.5,384,238.5,2.06,122.627735,167,22.228,129.4,5,5.6540875
121,0.347152004,3.334791583,217.5,317.5,213,0.77,173.212,124,12.3255,94,9,2.183876
51,0.33610135,3.782750182,265,455,275.5,0.4,123.011595,245,25.329,59.1,8,3.919656045
195.5,0.339490938,3.183485407,210,308.5,195.5,0.55,155.069022,129.5,12.726,72,9,3.941752
21,0.37247937,4.685602456,117.5,194.5,111.5,0.76,116.2082845,90,11.0925,25.3,10,2.9606775
66.5,0.369859694,4.540581978,162.5,336,179.5,2.76,109.7476047,174.5,29.0995,87.11,5,5.27778455
167,0.326432321,3.553506754,182.5,296.5,177.5,0.35,176.513,135.5,14.231,52.9,15,3.08467
49,0.651328329,4.005040693,197.5,322,197,0.9,115.5684,108.5,10.8635,105.8,7,1.5595211
54,0.312435571,3.244067878,192.5,309,182,0.15,236.452069,123.5,14.101,50.45,21,3.318965
204,0.545849869,4.700828643,195,308,198.5,0.98,108.93637,98,11.938,107.7,9,1.955958015
58,0.329812866,2.854290064,205,300.5,199.5,1.96,99.943,111.5,14.8665,101.4,3,3.3758632
94,0.411163286,3.520539655,282.5,418,277.5,0.5,237.853185,177,16.8925,106,13,3.415017
81,0.383554892,3.029818643,135,204,133,1.66,129.197,76.5,9.3175,62,8,1.6887941
45,0.316318341,3.683648859,175,286.5,165.5,1.26,135.746,146.5,18.175,31.555,8,7.22545
75,0.491558266,3.30997574,192.5,294.5,186,2.02,107.571,116.5,15.7225,118.6,5,4.570725
154,0.394900654,3.171993974,182.5,290,171.5,0.67,108.437597,132.5,13.6925,56.4,9,2.35179823
117.5,0.50927773,3.361584877,232.5,413.5,229,0.01,71.4742,165.5,16.046,80.45,7,2.66228165
101,0.32223189,3.98364132,235,383,242,0.17,148.6973925,187,18.633,65,11,1.822356
166,0.64506488,3.798460559,152.5,223,142.5,0.6,189.541,62,8.6275,68.455,13,0.014
66,0.350052856,3.092077208,147.5,208.5,138.5,1.74,84.40492,60,9.0135,91.5,3,1.8352941
58.5,0.229235407,5.324420411,117.5,247,121,0.89,55.4845,149.5,18.486,19.75,3,2.4714485
82,0.324130604,3.335326466,677.5,1073,675,1.46,591.03782,505.5,58.5635,195,37,13.9373528
78,0.471699571,2.598741702,357.5,532.5,335,0.05,266.7667,213.5,18.5055,130.5,19,2.802134
118,0.481480636,3.232604086,430,509,348,0.4,467.61,216,19,107.07,28,0.99448632
148,0.158605881,3.422274829,297.5,469,300,0.94,145.4380385,233.5,20.613,101.15,9,3.463835
65,0.338277798,2.607273366,137.5,208,130.5,0.18,115.25275,83,8.2335,52,9,1.553938
60,0.37279039,3.214814359,192.5,309,182,0.15,236.452069,123.5,14.101,50.45,21,3.318965
115.5,0.330148626,3.606287498,182.5,292,176,0.56,178.3872845,144.5,16.4225,39,12,4.5179032
109,0.493432731,4.092169518,237.5,335,226,0.79,193.89,101.5,10.1645,149,11,2.224134
37,0.386040423,4.021904607,115,189.5,113.5,2.76,53.95212158,59,11.8185,82.87,2,1.85409485
284,0.539994747,3.180560903,262.5,380.5,241.5,0.07,134.051097,156,12.939,102.5,13,0.97612823
125,0.306737326,4.210511259,167.5,286.5,164.5,0.38,129.602,134.5,14.839,43.4,12,3.14110403
63,0.463045638,1.994326734,200,325.5,201.5,0.9,48.124,91.5,11.2075,117.7,3,1.4017961
32,0.224443553,3.229164098,307.5,481.5,304,1.66,249.053,238.5,27.0325,93.5,12,6.7341764
158.5,0.248320882,2.5230782,182.5,288.5,171,0.64,108.3177,134.5,13.5715,53.4,9,2.59867
239,0.281185303,4.521034303,370,497,338,0.86,357.40894,263.5,24.608,89.3,15,6.29644518
91,0.460052613,2.203819079,272.5,319.5,228,0,283.182,103.5,10.251,139,13,0.78874316
105.5,0.306222928,3.35365556,287.5,420.5,280,0.8,280.645,175.5,16.926,108.5,16,2.963314
137,0.302570824,3.067039149,122.5,201.5,120.5,0.35,90.0205,80.5,8.556,50.45,8,1.535335
113.5,0.309520179,3.778936728,280,414.5,272,0.56,215.3335,174.5,16.9275,107,11,2.995814
99.5,0.47844067,4.646882095,207.5,446.5,211.5,0.35,121.564,208.5,26.999,46.6,15,3.588238
125,0.387191018,4.702951005,212.5,317,209,0.6,218.07394,126.5,12.7835,75,14,2.131876
49,0.345966185,2.228936734,117.5,247,119.5,2.1,48.46500016,137.5,21.3605,31.24,5,3.73231793
21,0.262085568,4.027617441,175,286.5,165.5,1.26,135.746,146.5,18.175,31.555,8,7.22545
79,0.314034704,6.866787447,117.5,245.5,119,2.07,48.34510316,139.5,21.2395,28.24,5,3.9791897
38,0.338945863,4.000392862,120,249.5,123.5,2.43,46.46742516,133.5,21.137,37.74,4,6.8023794
52,0.359244735,5.682032267,120,249,122,2.15,46.92090316,135.5,21.371,34.74,5,3.4766897
15,0.302944491,5.217816243,207.5,355,209,0.98,90.6357975,208,24.3345,36.9,5,5.8210875
122,0.48676314,3.107862253,200,332.5,203.5,0.6,144.10385,96,11.304,145.8,8,2.7790422
66,0.335215796,3.314387156,137.5,203.5,127,0.45,96.49,89.5,9.2015,38.335,6,1.970876
12,0.236958841,3.388545928,142.5,206,138,0.05,124.68,99,8.8085,40.5,6,1.508438
96,0.288285481,3.626666488,162.5,224,149.5,0.98,133.858,58.5,7.2735,121.5,6,1.310438
67,0.570607799,3.293426897,300,425,260,0.21,200.394,152.5,17.3525,92.25,17,1.235
131.5,0.541211193,4.703549308,200,253,183.5,0.18,39.58815,5,5.2265,225.25,1,0.26301
154.5,0.584761969,3.846182486,255,425.5,250,0.31,200.865,160,15.7805,94,17,2.257198
27.5,0.398695224,2.869994958,260,376.5,242,3.16,94.96700158,57,12.887,321.67,2,2.18651485
230.5,0.226867703,3.728936873,280,424,238.5,1.64,228.3785,233.5,26.523,57.95,13,2.56867025
42,0.065550176,3.557177791,92.5,186,98,0.15,20.891881,87.5,9.389,22.75,2,0.513165
53.5,0.232360721,3.440713053,352.5,505,339.5,1.06,300.262125,242,24.279,114.8,14,6.5767766
29,0.092237685,4.062658694,127.5,213.5,128,0.06,73.3975,89,7.747,45.15,4,1.25079405
309,0.26940991,2.804787186,215,309,201,0.39,147.75805,121.5,11.991,84.5,10,1.379
265,0.346841641,4.642571933,150,253,135,1.64,119.599,144.5,17.318,28.8,6,1.63948508
228.5,0.514743557,8.316806747,337.5,408,278.5,0.48,362.25275,168.5,14.853,103.5,23,1.10361474
486,0.135719,3.207492921,400,613,358,1.24,338.814,322.5,40.184,85.3,18,-2.26488526
53.5,0.096808919,2.148936959,547.5,728,515,0.5,725.4244845,327.5,26.4675,162,38,3.981401
81,0.200208549,3.353683966,140,318,146,0.86,40.0285,198.5,25.595,17.65,2,3.230222265
245,0.571126965,2.37987575,192.5,301.5,192,1.25,168.216,123.5,13.1645,80.4,11,2.02767
101,0.280728477,3.844845152,162.5,221,154,0.93,138.98,62.5,7.326,115,6,1.970876
155,0.157462524,3.594320317,175,420,179.5,1.4,34.8085,229.5,28.713,28.45,4,2.47139325
69,0.172697367,3.282443612,165,330.5,162.5,1.14,52.7835,175,25.658,34.35,5,-1.4825
302,0.175987773,3.152452398,97.5,171,97.5,1.23,41.865,88,10.2645,28.7,3,-0.485
74,0.575246885,2.545448292,130,187,124,0,69.723,83,5.999,50,5,0.43
145,0.34589338,4.097221243,210,316,204.5,1.33,168.5055,74.5,11.569,168.65,9,0.9830595
148,0.375913475,4.881611891,172.5,289,176.5,0.98,78.513185,124,13.739,68.4,6,2.53580703
89,0.413313068,3.906176013,212.5,315,209.5,0.5,174.053185,126,12.388,87,10,2.429579
67,0.602348833,4.857410661,130,187,124,0,69.723,83,5.999,50,5,0.43
266,0.3837801,3.310210847,153.3333333,291.3333333,149,1.79,77.36233333,154.6666667,19.189,35.85666667,5,2.74770375
72,0.375647927,4.416154411,278.3333333,414.6666667,263.3333333,0.74,253.1208897,177.3333333,17.34233333,90.33333333,17,3.619378
679,0.185351365,3.464407085,100,240,108.5,0.49,20.0125,136.5,20.16,13.05,1,-0.7689405
253,0.451697702,3.120546208,172.5,289,176.5,0.98,78.513185,124,13.739,68.4,6,2.53580703
355,0.368120585,4.871680096,95,169.5,98.5,1.43,20.49426925,87.5,10.2575,32.6,1,-0.483585
76,0.282255272,3.056657168,288.3333333,456.6666667,275,0.85,208.9386667,199.6666667,20.77466667,92.2,18,3.789646667
41.5,0.386656866,3.284986432,238.3333333,392,218.6666667,2.18,182.7665376,221.6666667,29.874,53.82,12,5.1979196
337,0.443448283,3.580566947,135,224.3333333,125.6666667,2.13,39.94966667,115,14.19733333,42.76666667,4,2.0786135
122.5,0.297885441,3.330257882,115,190,116,0,78.971,101,9.752,28.9,4,2.02067
271,0.295285521,2.882676135,130,240.6666667,127,1.39,55.34133333,117.3333333,15.451,31.15666667,4,-0.783644
133,0.14151688,2.95214315,303.3333333,704,314.3333333,1.4,76.577,417.6666667,53.26866667,42.5,6,5.95455852
152,0.700235861,4.410247448,155,220.5,145,0.36,101.819,61,7.813,79,7,0.426
176,0.338198831,2.919344184,172.5,288.5,172,0.42,80.035,126,13.906,62.9,7,2.45110403
186,0.376702172,2.976171273,215,329,201.3333333,2.11,84.16117952,78.33333333,15.38766667,147.7333333,5,-0.563382667
78,0.427875357,2.979347357,148.3333333,206,141.6666667,0.85,118.5176067,73.66666667,7.437333333,84.3,6,1.5513456
112,0.346449389,3.236016573,177.5,291.5,180,1.25,77.672,122,13.6765,75.4,5,2.29010403
233,0.549643054,3.041547196,126.6666667,207.6666667,128,1.25,95.182,78,8.242666667,56.4,6,1.141397033
146,0.329123036,3.644449984,167.5,283.5,170,0.95,57.53075,123.5,13.733,62.9,5,2.33960403
117,0.407677411,3.322241655,220,338,218.3333333,0.65,127.3025873,128,14.05133333,100.3333333,7,1.615453
72,0.168431716,3.212839155,127.5,199,119.5,0.89,72.237,89,9.6765,32.7,5,2.07710403
177,0.379602454,4.657542958,215,329,202,2.11,55.07251285,78,15.32366667,150.7333333,3,-0.426049333
173,0.487533344,4.696961868,135,213,134.6666667,0.8,111.3916667,78.33333333,7.995,59.43333333,7,1.124799033
33.5,0.459344328,3.213525765,181.6666667,214.3333333,159.6666667,0.91,122.944,58.66666667,6.757666667,130.0666667,5,0.25068158
117,0.216217379,3.03981314,135,197,110,0,58.6934,67,7.639,49,8,1.156
273.5,0.260775367,3.598627901,125,240.3333333,125.3333333,1.39,40.493,117,15.535,30.25666667,3,-0.70523945
906,0.205120153,3.277241821,492.5,1111,516.5,1.57,75.536,522.5,70.2555,149.85625,13,7.8817385
236,0.319525243,3.098657108,97.5,176.5,90.5,1.79,40.6895,88,11.502,21.985,4,1.4611135
107.5,0.396989298,2.87743691,175,262.6666667,156.6666667,0.64,108.1678667,113.6666667,11.573,53.93333333,9,2.166446667
186.5,0.395092362,3.687104266,181.6666667,295,176.3333333,2.06,38.17466667,92.33333333,15.91366667,127.675,2,-0.110396667
82,0.449582029,3.611690764,265,381.3333333,228.6666667,0.78,153.046,166,16.66866667,76.1,14,2.745402687
231,0.585519617,1.959637322,350,512.3333333,334,0.61,143.5948308,196.3333333,17.34266667,163.3333333,14,1.496716667
61,0.3458355,4.484215305,280,419.3333333,273,0.77,224.7513333,180.3333333,16.856,101.3333333,12,3.180738667
43.5,0.237163575,3.519247591,177.5,303.5,168,2.62,58.7329,101,15.6985,165.2,1,1.7040735
91,0.417210263,3.079329024,145,206,140,0,121.76,96,8.608,43,6,1.046
43,0.245341702,3.316677358,200,434.6666667,216,2.44,89.90853966,250.3333333,39.64133333,59.14666667,7,7.262712733
246,0.366559224,3.069927498,265,413.6666667,236.6666667,1.74,236.9283033,195.3333333,24.28333333,83.4,15,3.299227
13,0.209538794,3.670931684,190,296.5,180.5,1.06,180.2,147.5,17.025,37.955,9,6.7271764
205.5,0.569578083,3.120243439,202.5,322.5,197,0.71,161.875,111.5,11.3115,91.5,11,1.239712
97,0.343236069,3.92983101,250,396.5,250,1.25,207.7015,174,18.0405,94.85,13,3.038005
37,0.186917729,7.012504213,166.6666667,331.3333333,159.6666667,1.51,69.10473333,191.6666667,24.992,30.26666667,5,3.586393
93,0.447068216,4.60394522,111.6666667,181.3333333,109.3333333,1.54,101.6278,101.3333333,10.90166667,24.76666667,4,1.922354567
140,0.350462716,3.814953085,187.5,298.5,185,0.39,126.946,127,13.298,72.4,9,2.39467
103,0.552273315,4.137705537,131.6666667,189,121.6666667,1.2,46.93159633,53,7.687,83.0375,5,0.694768487
34,0.239021291,2.625461739,111.6666667,216.6666667,110.3333333,2.22,18.37376667,102,15.35,102.0380733,0,0.203286667
111,0.423330158,2.608272627,230,346,230.3333333,0.86,156.207254,128.6666667,13.92133333,108.3333333,9,1.846786333
82.5,0.52157273,4.581431503,235,322,221.5,0.83,166.21292,102,11.7165,124,8,1.1995
58,0.354643262,3.268199281,112.5,195.5,112,0.57,52.345,94.5,9.1295,29.7,3,1.654908015
119,0.39919628,3.297018055,207.5,304.5,191,0.19,156.9467,135.5,12.8285,62.5,10,2.548876
166,0.511073641,6.07806547,135,213,135.3333333,0.77,82.303,78,7.931,62.43333333,5,1.262132367
137,0.463580771,4.280420523,120,195,120,1.74,108.6495667,72.33333333,10.882,81.8,5,0.9817941
56.5,0.380917222,4.730323711,332.5,492,325,0.65,327.4369,248.5,21.913,91.35,16,3.973367
53,0.310681123,3.978883448,135,191.5,129,0.77,96.8945,92.5,7.769,46.95,6,1.160335
164.5,0.300409688,4.752286231,106.6666667,183.6666667,107,1.5,47.25933333,81.33333333,11.056,42.8,2,0.680862733
144,0.370566124,5.025070113,196.6666667,316.6666667,189.6666667,1.8,57.60760533,107.6666667,16.76733333,78.16666667,3,2.954523
23,0.41957751,4.779570538,205,286,186,1.16,183.504,153.5,15.518,44.5,8,3.54195978
196.5,0.298535988,5.164081311,176.6666667,348,175,1.75,120.0833333,175.6666667,23.76566667,45.06666667,10,3.330357
111,0.435585226,6.139294394,128.3333333,199.3333333,126.3333333,1.74,124.31639,72.66666667,10.42866667,85.76666667,5,0.8295184
42,0.359238978,3.617863174,177.5,284,167,1.47,91.657,146,17.4565,37.6,5,7.22545
76.5,0.307582202,3.250643663,130,200,123.6666667,1.44,75.94043667,69.33333333,9.309,68.73333333,3,1.5427186
77,0.532116385,4.279853764,145,205.6666667,131.6666667,1.25,50.94980276,50.66666667,7.454,86.9,4,0.675963
58,0.451465943,4.068968832,106.6666667,175.3333333,105.6666667,1.96,40.33,73.33333333,10.50433333,62.10237,1,1.380777733
107,0.465951634,3.653686871,120,192,117,2.3,80.04833333,75.33333333,10.315,78.1,3,2.246900567
172,0.361591568,4.755100051,172.5,291,176,1.08,122.53394,124.5,14.1345,56.4,10,2.23810403
129,0.298424927,4.929918508,100,179.3333333,99.33333333,1.9,33.10533333,83,11.13266667,39.96666667,2,1.717612833
42,0.362305846,3.388889628,125,190.5,113,1.06,71.725,89.5,9.768,33.75,6,2.2992941
84,0.509828418,5.030523582,148.3333333,215.6666667,137,1.01,55.88201467,50.33333333,7.148666667,89.6,4,0.628631
247,0.497801771,5.283538515,253.3333333,413,238.6666667,0.55,82.199236,136.3333333,15.43066667,102.3,9,2.222854433
48,0.408785813,5.400827004,350,528.6666667,343.3333333,1.96,250.5132333,223.6666667,27.75966667,167.9333333,10,10.1030396
122,0.318532469,2.656284072,120,192,119.3333333,1.71,77.37849,82,10.53766667,50.76666667,4,0.695012267
64,0.41212354,3.91942151,153.3333333,220,142,1.37,41.67003533,50.66666667,7.418,127.5666667,3,0.6240385
40,0.340174808,3.95505454,215,284.5,202.5,1.35,139.05697,147,14.273,68.5,5,6.1180736
95,0.374262309,3.055848073,192.5,301.5,193,1.22,124.583,123,13.0685,84.9,8,2.23367
99,0.309537717,3.897369281,266.6666667,432.6666667,258.6666667,0.77,107.8436667,208.3333333,20.44666667,79.86666667,9,3.10647204
16,0.299550224,5.076540491,282.5,400,269.5,0.61,251.236705,211.5,19.979,70.85,10,5.1115552
180,0.273481759,4.443847841,95,170.3333333,96,1.83,26.14351283,96,10.85166667,25.9,1,1.835556167
6.5,0.201139332,3.947085142,215,309.5,199.5,0.76,227.20047,148.5,15.665,49.855,11,6.1180736
76,0.305142866,5.328581056,130,196.3333333,126.3333333,1.96,95.6436,83,9.198333333,59.13333333,5,1.92689741
87,0.388501392,5.928243713,158.3333333,229.3333333,146.6666667,1.37,57.12653533,51,7.363666667,137.6,3,0.6162635
49,0.373119669,3.645757178,336.6666667,476.6666667,303.6666667,2.51,89.25535904,107.6666667,19.262,232.7,3,3.459997967
74,0.485292505,5.170458408,368.3333333,543.3333333,330.6666667,1.05,270.9634928,213.3333333,22.855,84.76666667,24,3.1203012
257,0.396275799,5.159613551,245,421,236.5,1.66,138.8165,232.5,26.201,72.95,9,2.49167025
36,0.392510579,4.051194893,146.6666667,203.6666667,140,0.76,154.4949567,102.6666667,8.914666667,39.63333333,6,1.990758267
49.5,0.275089252,3.783520508,183.3333333,308,183,1.39,107.8796667,163.6666667,17.182,43.36666667,6,2.569107187
41,0.369900082,3.190360582,330,474.3333333,309,2.34,81.43386667,170,22.722,236.3333333,3,7.72692
158,0.361756501,2.584696895,182.5,299,184.5,0.85,170.891,127.5,13.684,62.9,14,2.4288
158,0.388091998,3.682668266,195,311.6666667,188.3333333,1.8,58.27293867,109.6666667,17.85733333,76.86666667,3,2.06715
95,0.526747125,2.919322668,110,184.3333333,111.3333333,2.98,31.50880105,73.33333333,12.16433333,59.71333333,1,2.3461549
111,0.309663855,3.054768147,105,182.6666667,104.3333333,1.9,47.92333333,83.33333333,10.74933333,42.1,2,1.634567233
96,0.27661717,3.489556167,115,183.5,113.5,0.77,50.8915,91.5,8.1795,34.7,3,1.253552015
324,0.215396841,4.53729255,91.66666667,200.3333333,94,1.63,34.243,128.6666667,15.603,21.70237,2,1.368807333
153,0.304140701,2.143813553,115,188,113.3333333,1.5,62.92615667,81.66666667,10.60266667,46.76666667,3,0.5793456
87,0.320018757,4.358027793,102.5,184.5,101.5,1.48,67.3545,94.5,10.4765,29.15,4,1.28659025
32.5,0.204641694,3.362668591,136.6666667,284.6666667,135.6666667,1.27,32.24825643,168.3333333,21.83266667,76.90948,2,1.331568667
273.5,0.249842378,3.134241254,130,239.3333333,130,1.24,92.37633333,124.6666667,15.98933333,30.5,8,3.262187833
43,0.358293402,4.999867063,137.5,197,122.5,0.76,95.225235,90,9.088,39.7,6,2.1470184
67,0.447770536,4.294783452,130,198,127.3333333,3.03,77.84095772,74.33333333,11.188,77.94666667,2,2.169408833
68,0.438227096,3.432504148,121.6666667,185.6666667,116.6666667,1.71,71.84415667,74,9.911333333,78.20237,2,1.287077267
64,0.178086407,4.827288332,76.66666667,148,76,2.46,7.982333333,68.33333333,10.86366667,57.97320333,0,0.9444525
107,0.462615679,3.595390424,393.3333333,607.3333333,388,0.17,311.0343967,292.6666667,26.807,110,17,4.642601333
54,0.383846595,3.386067135,122.5,198.5,121.5,0.62,75.385,95,8.8515,36.2,4,1.594585515
173.5,0.297599118,3.923928993,101.6666667,180.3333333,102,1.62,32.44133333,81,11.43933333,40.66666667,2,0.763908333
70,0.400483435,3.899370318,210,311.5,204,0.56,151.5335,123.5,12.423,88,8,2.010376
61.5,0.302177459,2.879634317,138.3333333,203,134.3333333,1.44,107.1548233,80,8.916333333,71.76666667,5,1.829380277
118,0.48030462,4.455420434,106.6666667,178,104.3333333,1.54,86.8098,101,11.285,22.63333333,4,2.005400167
117,0.517455804,7.377424068,145,205.3333333,130.6666667,1.25,51.25212143,52,7.61,84.9,4,0.500975333
35,0.346352183,2.87369451,192.5,294,182,1.27,136.111,147,16.3065,44,7,6.7271764
315,0.315662592,3.163734429,178.3333333,343.6666667,178,1.54,153.0611333,183.3333333,23.186,43.73333333,11,2.312272
93.5,0.369300794,2.948877993,280,419.6666667,270.6666667,0.7,294.5216267,174,17.51733333,93.33333333,21,3.256434667
87,0.436753577,4.005020749,120,185.6666667,115.6666667,1.54,117.2946233,101.6666667,10.44833333,28.73333333,5,1.820837433
140,0.462981196,2.915432562,118.3333333,193.6666667,118.3333333,1.34,110.6466367,73.66666667,10.84466667,52.46666667,7,0.9817941
33.5,0.37185946,3.984837318,390,540.6666667,358.3333333,2.62,110.7334,109,18.19666667,402.0333333,3,3.398056633
113,0.468114764,2.784651021,143.3333333,215.3333333,135.3333333,0.9,41.03368133,50,7.232666667,88.7,3,0.70703555
23,0.385975735,3.422512985,212.5,306.5,203,0.7,186.25947,154,14.1215,59.4,8,3.6150703
208,0.570778633,4.704379386,130,200,122,0.46,51.5165275,75.33333333,7.106,55.26666667,5,0.832771
101,0.312624657,3.184392854,212.5,308.5,206.5,2.04,47.0815,53.5,13.378,164.5,1,-0.67545
93,0.364248228,2.994241484,185,295.5,184,1.01,102.9045,122.5,13.166,78.9,7,2.06017
93,0.355778039,3.083831555,95,166.6666667,93,1.8,27.13796933,74.33333333,11.037,38.70237,1,1.518306667
68,0.423410928,2.872002397,160,207,151,0,208.9804,97,7.285,48,9,0.942362
90.5,0.344697712,4.489622787,250,396.5,251,1.22,164.0685,173.5,17.9445,99.35,10,3.244005
196,0.356630344,3.542503766,167.5,289,171.5,0.88,123.98,126.5,14.292,53.4,11,2.48523403
41.5,0.267544848,3.952540872,182.5,283,170,1.06,111.677,143.5,15.673,44.25,7,3.9810882
146.5,0.562404021,3.142637398,138.3333333,196.3333333,126.3333333,0.7,50.624348,73.33333333,7.659666667,59.73333333,4,1.232712
78,0.520155459,3.584910584,121.6666667,193.6666667,121,3.03,62.17413439,74,11.64133333,73.98,2,2.270925967
176,0.322035329,3.818318811,106.6666667,184.3333333,108,1.83,46.89366667,81.33333333,11.37433333,44.66666667,2,0.879575
78,0.320799856,2.777831922,446.6666667,709.6666667,447.3333333,1.36,290.0357033,333.3333333,37.768,153.4666667,16,9.458146477
76,0.317798797,5.08527768,425,695,423.3333333,1.56,218.15637,331.6666667,40.001,144.7333333,14,10.00405633
49.5,0.396369316,4.434089359,260,399,257,1.66,241.856,174,20.7275,97.5,14,10.0907646
129.5,0.320993858,6.098469259,111.6666667,187.6666667,113,1.71,61.71166667,81.66666667,10.991,46.8,3,0.7965294
230,0.387201092,4.141353773,186.6666667,322,191.6666667,0.98,87.31458,127.6666667,15.16533333,82.03333333,7,2.417046353
123.5,0.197724965,3.102177671,190,349.3333333,173.3333333,1.51,91.9148,176,22.414,45.73333333,8,2.749819833
46,0.206481329,3.124785757,110,271.3333333,115.3333333,1.22,7.260666667,167.3333333,22.683,67.54698,1,1.304850667
145,0.314997257,3.93248205,270,451.6666667,260,2.55,128.839,152.3333333,23.89666667,221.7333333,5,2.070898
133,0.397080124,3.949508631,120,192,119.3333333,1.71,77.37849,82,10.53766667,50.76666667,4,0.695012267
110.5,0.339257279,4.329290728,183.3333333,351,187.3333333,3.09,90.67133755,166.6666667,27.51,111.9866667,5,4.9684596
61,0.391846714,4.171397881,285,419.3333333,278,0.77,216.497,165,16.499,121.3333333,12,2.796168
82,0.504927327,3.156199474,103.3333333,183,106,2.02,72.53746772,101.3333333,12.191,25.91333333,3,2.625614967
904,0.132242468,3.580638296,70,170,75,0,12.011,87,11.26,11.3,2,1.262119
32,0.229777374,3.93541194,213.3333333,291,198.6666667,2.15,98.53366667,37.33333333,10.11433333,238.5041667,2,-0.164237
109.5,0.40409221,3.525162076,176.6666667,265.6666667,160.6666667,0.89,105.9354333,108.3333333,11.282,65.26666667,9,2.003113333
83,0.334760445,3.699238746,375,554.6666667,370,1.24,165.809359,273.6666667,25.34066667,134.1666667,10,5.484505
103,0.324350962,4.293203681,156.6666667,332,169.3333333,2.35,64.10503755,182.6666667,28.60666667,46.87666667,5,7.0648794
97.5,0.229611148,4.416842018,138.3333333,235.6666667,129.6666667,1.54,101.5081333,122,14.077,35.03333333,7,1.699863
54.5,0.187423634,4.199935157,155,335.6666667,165.3333333,3.05,36.59779398,169,27.70566667,66.05333333,2,4.8108026
350,0.377402851,5.250279186,167.5,278.5,166,0.28,60.320462,127.5,14.2995,49.5,6,1.324607
72,0.251737217,8.519539957,198.3333333,307.6666667,199.3333333,1.24,97.397254,157.6666667,15.794,60.96666667,5,3.4043085
12,0.19514753,3.214560045,135,202,126.6666667,1.06,135.8001567,98.66666667,10.89666667,29.27,7,3.2113125
158,0.506641589,3.353484058,193.3333333,270,177,0.71,116.246398,84,8.507333333,115.6666667,9,0.76112823
80,0.28266306,3.294341593,223.3333333,344.6666667,215.3333333,0.44,154.2937,148.3333333,13.98133333,78.1,9,2.6560497
39.5,0.353030577,6.86666187,186.6666667,260,164,0.75,139.389,115.3333333,11.17133333,56.6,9,1.523113333
147,0.285171215,4.155261087,160,298.6666667,160.3333333,2.14,115.0656667,144,18.33266667,57.3,8,1.836469167
75,0.261878792,5.726879034,113.3333333,176.6666667,102.6666667,2.46,28.82833333,57,8.909,71.97083333,3,1.104720833
63,0.478640985,5.325628376,418.3333333,589.3333333,390,0.75,409.0719333,293.6666667,26.054,111.5,22,4.23385344
31.5,0.475018217,4.753095524,337.5,447,315.5,0.65,92.807,49,13.8665,260.535,5,0.07365
142,0.465644898,3.102333134,277.5,432.5,263,0.79,153.39792,139.5,14.957,141,10,2.002568
77,0.290833422,3.849697655,131.6666667,201.3333333,127,0.29,89.98433333,91.33333333,7.635666667,42.66666667,5,1.211196
359.5,0.469070173,4.462560312,118.3333333,197.6666667,116.3333333,0.55,44.58051283,71.66666667,7.125,55.1,5,0.486851
36.5,0.301202642,3.39656959,186.6666667,270.6666667,174,0.56,162.6096467,129.3333333,12.74833333,43.31333333,9,2.883649867
290,0.334760924,5.351625479,127.5,258.5,124.5,1.24,113.541,133.5,18.089,29.3,11,2.5251135
104.5,0.404961114,3.014402319,363.3333333,506,348.3333333,2.49,172.1073967,107,18.65466667,284.7,7,1.087037833
32,0.192675298,5.280597936,170,396,186,2.15,65.91930633,241.5,38.791,38.48,6,6.8778794
35,0.242951986,6.192051677,155,250.3333333,147.6666667,1.26,85.646,126.6666667,13.39666667,39.63333333,6,2.963021667
113,0.302880349,4.103502942,220,375.5,222.5,1.04,72.0235,171.5,18.954,79.1,5,3.155156045
78.5,0.308018482,4.997516003,121.6666667,195.6666667,117.3333333,1.74,60.27361333,69,9.762333333,64.76666667,3,1.644235733
132,0.435333563,3.239900657,126.6666667,194,119.6666667,2.22,77.26977,73.33333333,10.09233333,66.73333333,3,1.6090501
95.5,0.32936816,3.011168409,343.3333333,578,343.3333333,1.08,220.2252533,255.3333333,28.53133333,96.84666667,19,4.55620806
137,0.393703494,5.572046533,187.5,301,189,1.05,169.44494,125.5,13.5265,65.9,13,2.18167
365,0.406771413,5.706201581,386.6666667,677.3333333,395.6666667,1.22,116.809718,283.6666667,31.16866667,170.5666667,11,2.964638333
83.5,0.264841439,3.552057334,161.6666667,255.3333333,158.6666667,1.84,120.90477,121.6666667,13.756,56.36666667,6,2.8321977
231,0.580554075,3.337158448,350,512.3333333,334.6666667,0.58,114.5061642,196,17.27866667,166.3333333,12,1.63405
23,0.108459422,8.213548947,88.75,172,84.25,1.51,37.4713,87.75,11.744,19.75,3,0.656308125
79,0.400607009,2.448517184,383.3333333,531.3333333,363,2.55,238.3833967,108.3333333,18.01066667,384.4333333,8,1.2158645
85,0.396521866,2.576344272,128.3333333,195.3333333,122.6666667,2.27,97.75449,77,9.901,76.73333333,4,2.26007515
76.5,0.444348322,2.663953143,353.3333333,482,306.6666667,0.4,329.62,196.6666667,19.286,82.80666667,23,2.113746107
199,0.319810226,4.305013304,133.3333333,227.3333333,123.6666667,2.46,34.16133333,90,13.44566667,73.7375,3,1.591758667
167,0.281016412,4.264697589,167.5,280,158.5,0.7,61.526597,131.5,14.3005,46.9,6,2.40823226
149,0.30575884,4.711666213,138.3333333,237,122,1.54,67.80406667,113.6666667,14.174,37.36666667,7,1.819742333
96,0.374588697,3.007759418,296.6666667,572.6666667,315.3333333,3.16,196.6826407,313,46.95,137.2933333,9,8.7315073
111,0.304618338,2.321683073,265,430.3333333,256.6666667,0.77,108.7931333,211,20.359,75.53333333,9,3.44147204
39,0.403963003,2.931945441,138.3333333,199.3333333,133.6666667,1.06,138.8281333,102.3333333,9.368,35.66666667,6,2.0922754
147,0.269376415,2.924024303,155,294.6666667,155,1.9,71.52466667,143.3333333,18.33366667,56.3,5,1.858135833
49.5,0.178952779,4.295340142,346.6666667,608.6666667,355,0.92,112.7878747,313,33.41533333,89.6,8,5.56631407
194,0.265268498,3.176268626,176.6666667,340.6666667,177,2.13,32.87433333,219.6666667,27.76733333,55.77140667,2,2.94586525
212,0.32386217,3.469234767,260,511,250.6666667,1.9,84.57902933,249,34.452,89.26666667,8,4.4228405
55,0.454289331,3.535266826,370,516,355,0.2,400.3804,250,20.7985,105,19,3.898676
77,0.431414137,2.273891672,288.3333333,457,280.6666667,0.92,158.8201333,188.3333333,20.04633333,112.8666667,13,3.42956
62,0.359120938,2.294361863,217.5,317.5,212,0.8,216.845,124.5,12.4215,89.5,12,1.977876
156.5,0.235549968,3.118647198,238.3333333,384.6666667,223.3333333,2.49,94.05673133,125.3333333,20.033,155.1,5,1.713865653
13,0.179000001,3.256957707,220,364.5,206.5,1.33,81.0975,190,23.391,52.9,6,5.4945875
67,0.377803333,4.471516955,271.6666667,395.3333333,244,0.75,218.0443333,174.6666667,17.34533333,62.99333333,16,2.521003333
129,0.447902591,5.202182432,116.6666667,188,113.6666667,2.19,88.27907333,81.33333333,10.53466667,56.76666667,4,1.9512339
196.5,0.495775297,4.473090795,176.6666667,283.6666667,170,0.68,92.534398,90,10.04066667,97.53333333,7,1.264432887
202.5,0.496778853,4.199018848,130,212,122,0.19,133.857,79,8.4285,44,13,1.680356
207,0.245169512,4.384060219,176.6666667,310,175.3333333,2.09,75.84940333,114.3333333,18.801,99.46666667,5,-1.200666667
83,0.278294746,5.007023079,218.3333333,337.3333333,216.6666667,0.49,145.9555128,158.6666667,13.721,69.7,7,2.578326367
68,0.433069447,2.961111471,413.3333333,621.3333333,400.6666667,0.09,342.26,293.3333333,26.01966667,118.6666667,18,4.803934667
91,0.252998666,4.73989882,268.3333333,443.3333333,257.6666667,0.88,146.3906667,198.3333333,21.58533333,79.53333333,15,3.86489204
80.5,0.329358458,4.83521093,176.6666667,253.3333333,155.3333333,0.78,108.115,114.6666667,11.57666667,50.26666667,7,1.56073602
155,0.405207575,3.735683956,345,568.75,327,2.49,129.66625,209.25,30.414,195.225,8,2.97644389
109,0.449651198,3.230582746,371.25,580,353.75,2.55,220.355,226.5,29.71875,253.625,9,3.766650975
381.5,0.413448062,3.51556371,151.6666667,280,149.6666667,2.13,48.31066667,154,18.79166667,42.36666667,3,2.80802625
112.5,0.308058117,3.983900056,111.6666667,184,108.3333333,2.08,46.95296933,72.66666667,10.66033333,41.1,2,1.670900567
273.5,0.284255281,3.52095206,171.6666667,336.6666667,166.6666667,1.54,85.04733333,189.6666667,23.725,35.23333333,6,3.016776667
29.5,0.244255059,3.953196975,232.5,371.75,226.5,1.04,110.8801905,180.5,18.804,68,7,2.897031788
141,0.389929061,3.772297726,106.6666667,184.3333333,108,1.83,46.89366667,81.33333333,11.37433333,44.66666667,2,0.879575
157.5,0.315935281,3.432093793,111.6666667,187.6666667,112.3333333,1.74,90.80033333,82,11.055,43.8,5,0.659196067
137,0.370218873,2.708771101,205,334.5,194.5,2.49,77.7855,118,17.62,122.925,4,1.676861133
181,0.474254999,3.669224213,126.6666667,200.6666667,125.6666667,1.34,126.5453033,71.66666667,9.911,58.13333333,8,0.285438
107.5,0.29584525,3.524415196,111.6666667,184.6666667,108.6666667,2.19,73.46107333,81,10.918,54.63333333,4,2.0342795
180,0.397431573,2.623517158,120,192.25,116,2.27,65.6781905,73.25,9.78175,65.2425,4,1.10386025
100.5,0.307051199,2.989585821,160,264.6666667,150,1.22,40.772,93.33333333,15.43266667,121.1264067,4,1.102162667
63.5,0.359328573,3.023464108,280,419.3333333,272.3333333,0.8,253.84,180.6666667,16.92,98.33333333,14,3.043405333
69,0.167816979,3.823326656,91.25,193.25,91.75,1.26,63.01625,122.25,16.275,16.231055,4,1.240371667
222,0.410883178,4.146742758,133.3333333,227.3333333,123.6666667,2.46,34.16133333,90,13.44566667,73.7375,3,1.591758667
68,0.43451611,3.085625116,220,332.6666667,216,0.5,176.354,165.3333333,15.243,60.6,9,2.701405333
262.5,0.320114788,3.386152974,83.33333333,170,87.66666667,2.44,27.62146772,82.66666667,12.61933333,36.34666667,2,1.647101067
87.5,0.36001392,4.57775873,251.6666667,396.3333333,250.6666667,1.25,207.3246667,183.6666667,18.28066667,85.53333333,12,3.355852
311.5,0.247836619,3.663973875,90,199.3333333,94.66666667,1.83,19.99584617,128.3333333,15.59833333,24.30237,1,1.369750667
69,0.511543211,3.091160956,131.6666667,187.3333333,119,1.36,107.518,102,10.72866667,27.53333333,5,2.44435212
100,0.259748888,3.391676089,145,246.6666667,146,1.84,89.57112333,121,14.66266667,48.43333333,5,3.035231967
51.5,0.204206553,3.267458922,220,371.6666667,223.6666667,1.22,68.05655667,168.3333333,19.49366667,66.53333333,4,3.081007707
202.5,0.497017387,2.488012881,176.6666667,283,169.3333333,0.66,94.12073133,91.33333333,10.09666667,93.2,7,1.72064933
57,0.175727684,6.035635897,135,274,129.3333333,1.51,56.62406667,154,20.97866667,26.1,4,1.428446833
99,0.358342708,5.67450835,182.5,293.5,183,0.92,104.44175,124.5,13.125,72.4,7,2.28317
134.5,0.376152175,3.768405345,228.3333333,383,231.6666667,1.04,89.67112333,163.6666667,18.342,91.86666667,7,3.101607373
74.5,0.393825435,6.565241456,155,237,145,1.26,104.95215,120.75,12.78525,37.9,6,2.886729008
341.5,0.38865052,3.961222503,270,462,280,0.36,89.870024,217.5,24.911,81,7,1.568714
390,0.407437253,4.058153236,386.6666667,677.3333333,394.3333333,1.25,174.9870513,284.3333333,31.29666667,164.5666667,16,2.689971667
87,0.397481092,3.919164254,148.75,233.25,141,1.26,93.8716,120.5,12.82275,35.775,5,2.869979008
323,0.361959984,3.924681019,146.6666667,289.3333333,142.6666667,1.79,62.00233333,154.3333333,19.37433333,31.52333333,5,2.80802625
15,0.191003561,4.407851324,473.3333333,810,468.6666667,0.39,212.562508,397.3333333,42.94933333,94.54,18,6.59868208
113,0.357142984,2.698477241,170,283,164,0.92,58.05805,125.5,13.743,60.9,5,2.41010403
112,0.452154598,3.273526932,120,191,116.3333333,2.27,82.08766667,76.66666667,10.35433333,72.76666667,3,2.41235085
83,0.18676139,3.85483002,101.6666667,221.6666667,104.6666667,1.58,82.65432405,125.6666667,17.955,16.78,7,2.8773489
58.5,0.385548713,3.108431245,157.5,242.5,151.75,1.27,116.3546,120.75,12.202,38.45,6,2.820052753
59,0.435361805,3.351186462,238.3333333,338.6666667,230,0.65,250.7106,166.3333333,14.11333333,66.96666667,12,2.615715333
313,0.272978862,3.032339311,240,494.25,245.5,2.49,140.88119,252.25,35.8105,97.828555,11,3.107046125
149.5,0.331613701,3.951517249,201.6666667,355.3333333,183,1.75,95.83433333,172.3333333,21.75833333,51.63333333,10,3.42667025
169.5,0.502536533,5.173885582,176.6666667,281,170.6666667,0.01,95.96946667,94,10.065,87.53333333,6,1.305014067
203,0.352841512,3.581860976,132.5,255,133,1.39,76.879,147,17.914,26.8,4,1.9841135
226,0.547263212,4.259406352,126.6666667,207.6666667,128.6666667,1.22,66.09333333,77.66666667,8.178666667,59.4,4,1.278730367
87,0.220368067,2.564838727,220,403.3333333,203.6666667,1.51,103.9308,213.3333333,26.65066667,50.2,9,3.508519343
106.5,0.296907254,3.957264439,111.6666667,185.3333333,109,2.2,72.90266667,80.33333333,10.89233333,56.63333333,3,2.53691925
111,0.488181604,3.327979586,225,322,217,1.21,71.98117467,68.33333333,12.42666667,194.4083333,3,1.126437333
245,0.375077854,2.688771105,316.6666667,557.3333333,311.6666667,2.13,59.74366667,336.3333333,41.938,106.7714067,4,4.40697875
93,0.236140577,3.707037605,175,280,169.3333333,1.41,103.7683333,68.66666667,10.20266667,149.2666667,6,1.791280667
44,0.355587869,4.773489951,296.6666667,399,279.3333333,0.32,240.4713333,184,14.66133333,104.6666667,13,1.962584
22,0.299383805,3.687174012,280,396,263,1.68,237.1748163,170,18.80533333,110.5708333,13,5.0542754
79,0.652089552,4.003177594,307.5,410,282,0.25,286.24,189.5,16.62,88,15,1.74737158
77,0.313429416,3.437129479,228.3333333,345,217,0.44,169.1420333,148.6666667,13.89733333,79,10,2.60378
153.5,0.444846353,3.409188841,317.5,507,320,1.05,299.40438,200.5,22.177,117.35,23,3.353005
31,0.257577034,3.756955439,335,493,330,0.49,218.3815385,235,19.4985,114.8,12,3.389144
119,0.42571049,3.667827582,231.6666667,337.3333333,210.6666667,0.19,164.7822667,144.6666667,13.968,72.33333333,12,2.433250667
68,0.170397884,4.039049189,295,615,292,1.54,186.3664667,324.3333333,44.06166667,71.8,20,4.381636
85,0.449591235,3.58289464,125,196.3333333,122.3333333,2.14,126.63449,76.66666667,10.10833333,63.06666667,8,2.26007515
28.5,0.210947301,3.459278391,166.6666667,302,161.3333333,2.62,40.84843333,135.6666667,19.37666667,106.7333333,1,2.832511833
77,0.331683135,2.876350662,340,552.5,319.75,2.55,252.24695,247.5,31.5925,181.775,11,3.194689625
77.5,0.296709988,3.948139729,233.3333333,410.6666667,224.6666667,1.54,196.1256,219.3333333,25.782,47.78,12,2.763726
114,0.266535846,3.335419711,138.3333333,241.6666667,133.6666667,1.54,145.9816563,122.6666667,14.57666667,31.53333333,10,2.057739667
28,0.349223333,4.743335455,156.6666667,232.3333333,145.6666667,1.76,104.8314563,59,7.920666667,125.0666667,7,1.623884677
171,0.245112301,2.887415271,320,626.6666667,315,1.81,114.8786667,313.6666667,42.51666667,96.14666667,11,5.63889725
40.5,0.216795832,1.944983349,108.75,214.75,107.25,2.62,21.028825,98.25,14.1025,79.0267775,1,1.36000275
140,0.353261938,2.964486357,120,192,118.6666667,1.74,106.4671567,82.33333333,10.60166667,47.76666667,6,0.557678933
178.5,0.372264562,2.29443071,193.3333333,312,167.3333333,1.51,118.0514667,136.6666667,16.90266667,48.91333333,11,2.029409
53,0.398656061,2.284132394,130,203.5,128,0.59,98.8405,95.5,8.5475,40.95,6,1.5663685
102,0.525552291,2.83928574,98.33333333,179.6666667,101,2.02,57.71946772,101,12.57433333,23.78,3,2.708660567
96,0.378899007,2.925054013,156.25,245.5,155.25,3.03,96.58010079,103,12.8065,75.435,4,2.134132425
120,0.385424138,3.007551752,168.3333333,260.6666667,155.3333333,0.89,91.16136667,108,11.332,62.43333333,8,1.98078
219,0.245536044,3.426396669,101.6666667,209.6666667,102,2.08,25.98730267,104.6666667,15.79033333,37.36903667,1,1.288140667
118,0.407572016,3.676932647,157.5,216,137,0.66,73.919517,37.5,7.049,108.5,6,0.48462823
236,0.347205909,3.692889741,143.3333333,279,140.6666667,1.54,62.154865,154.3333333,19.44833333,30.8,6,2.140780167
205.5,0.202517972,3.721196903,115,185,114,0,79.904,108,11.81,21,3,3.3635882
115,0.371733369,3.411043007,328.3333333,493,319.3333333,1.69,164.706,154,19.49833333,244.5333333,7,3.007885373
87,0.372353055,3.707403643,268.3333333,397.3333333,246,0.75,277.1536667,175.3333333,17.76,77.56666667,23,3.565003333
85,0.34217909,3.918997991,373.3333333,598,369.3333333,1.05,314.0472533,257.3333333,27.31533333,115.8466667,24,4.44334
90.5,0.302392177,3.914193631,158.3333333,265.6666667,151,1.22,70.32666667,93.66666667,15.64,128.4130733,7,1.624162667
120,0.374419652,3.572981405,328.3333333,493,318.6666667,1.69,193.7946667,154.3333333,19.56233333,241.5333333,9,2.87055204
227,0.492146893,2.373714371,173.3333333,308,178.3333333,2.75,126.6228221,121.6666667,19.38066667,110.26,7,4.0322492
103,0.424955354,3.300639474,210,311,196,0.1,180.81,136,13.177,51.07,12,2.251876
113,0.186013619,3.854882619,100,175,99,0,35.45,107,12.96,14.6,1,3.612725
-71,0.319652578,2.821061512,341.6666667,673.6666667,318.6666667,1.89,119.9098753,345.3333333,46.65233333,91.8,14,6.83783869
58,0.285632846,2.941737618,210,329.5,203.5,0.89,106.29875,161.25,15.5545,59.65,7,3.012805373
83,0.374658384,2.737627906,293.3333333,413.3333333,266,0.4,325.7826667,176.3333333,17.017,86.66666667,24,3.515209333
365,0.492040721,4.071142074,175,316.5,178.5,0.3,78.62,118,11.831,73.3,8,1.9145211
145.5,0.419792665,3.88602859,96.66666667,177.6666667,98.66666667,2.78,64.08246772,77.33333333,12.393,55.68,3,2.4311516
106.5,0.358878323,4.044715973,140,206,136,0,127.6,102,9.009,38,6,1.970876
98,0.34168908,2.68807311,183.3333333,352.3333333,190,3.09,92.90020422,170,28.095,108.5433333,5,6.8746894
175,0.514701994,2.965645985,126.6666667,201,124.6666667,2.14,125.2122333,72.33333333,9.641666667,86.76666667,6,1.71599475
75,0.495840427,4.240175991,148.3333333,195,138.3333333,1.25,40.73878809,57.66666667,7.524666667,87.96666667,2,0.675963
71.5,0.406882014,3.581815237,191.6666667,273,170.6666667,0.2,142.2047333,115.6666667,11.10666667,59.16666667,10,2.159584
242,0.377410179,4.388832795,186.6666667,324.6666667,191,1.08,146.00892,128.3333333,15.69266667,66.03333333,13,2.02010902
26,0.293327833,3.774420354,235,339.3333333,227.3333333,1.06,200.4065933,159,15.70566667,78.23333333,9,4.021797467
103.5,0.372183456,4.438018895,160,246,150.3333333,1.6,44.86866667,90.66666667,11.279,83.1375,4,2.00241902
169,0.271018765,4.473448375,148.3333333,292.6666667,148.6666667,1.9,56.16466667,143,18.519,51.96666667,4,1.898350833
106,0.383089052,3.581657454,212.5,314.5,205,0.06,175.575,128,12.555,81.5,11,2.344876
165,0.539722716,3.806324707,140,213.3333333,137,0.77,97.15133333,78.33333333,7.847,63.33333333,6,1.209862667
148,0.283786522,3.175901016,185,342.6666667,177.6666667,1.74,151.6786667,180,23.24,45.4,11,2.339152387
153,0.270909594,2.642098546,240,449,240.6666667,2.13,68.72766667,221.6666667,29.72933333,90.56666667,6,4.17778375
119,0.399275601,3.565892655,305,463,296.5,0.8,162.908,234,21.326,94.1,10,3.415656045
173,0.319746704,3.724799737,166.6666667,289.6666667,156.3333333,1.9,101.0213333,143.6666667,18.358,54.3,6,1.60636122
374,0.298935028,3.404161475,295,625,316,1.14,70.1415,318,41.2865,70.75,5,-0.71571835
36,0.231256841,4.489339021,275,434,271.6666667,1.6,108.6533333,151.6666667,20.02866667,157.9416667,9,3.453591373
44,0.346424902,4.122563654,273.3333333,495,269.3333333,2.44,190.2058063,283,41.188,74.14666667,11,7.080046067
160.5,0.207941337,4.099783255,141.6666667,287.3333333,139,1.54,46.54266667,152,18.90233333,33.23333333,4,2.335953867
47,0.187905321,2.960528883,123.75,252.75,123,2.62,25.028575,123,17.505,80.3517775,1,1.725281125
